{"successful_requests": 5, "slowest": 0.020609119999789982, "fastest": 0.012673774000177218, "average": 0.017645345799883215, "per_minute": 12529, "per_second": 209}