{"successful_requests": 5, "slowest": 0.016087686999981088, "fastest": 0.009936765000020387, "average": 0.012785217000055128, "per_minute": 10858, "per_second": 181}